client_name,contact_email,invoice_submission_deadline
Acme Corp,contact@acmecorp.com,2025-04-30
Beta Inc,beta@betainc.com,2025-06-20
Gamma LLC,info@gammallc.com,2025-05-15
Delta Solutions,contact@deltasolutions.net,2025-07-10
Epsilon Enterprises,billing@epsilonent.org,2025-05-31
Foxtrot Group,accounts@foxtrotgroup.com,2025-08-15
Global Dynamics,invoices@globaldyn.biz,
Hyperion Systems,contact.hyperion@hyperionsys.co,2025-06-01
InnovaTech,invoicing@innovatech.io,2025-05-22
Jupiter Industries,finance@jupiterind.com,
